1;1;Legale;32
2;1;Legale;32
3;1;Controlli;48
4;1;Territoriale;96
5;1;Controlli;48
6;1;Legale;32
1;2;Legale;32
2;2;Legale;32
3;2;Controlli;48
4;2;Territoriale;96
5;2;Controlli;48
6;2;Legale;32
1;3;Legale;32
2;3;Legale;32
3;3;Controlli;48
4;3;Territoriale;96
5;3;Controlli;48
6;3;Legale;32
1;4;Legale;32
2;4;Legale;32
3;4;Controlli;48
4;4;Territoriale;96
5;4;Controlli;48
6;4;Legale;32
1;5;Legale;32
2;5;Legale;32
3;5;Controlli;48
4;5;Territoriale;96
5;5;Controlli;48
6;5;Legale;32
1;6;Legale;32
2;6;Legale;32
3;6;Controlli;48
4;6;Territoriale;96
5;6;Controlli;48
6;6;Legale;32
1;7;Legale;32
2;7;Legale;32
3;7;Controlli;48
4;7;Territoriale;96
5;7;Controlli;48
6;7;Legale;32
1;8;Legale;32
2;8;Legale;32
3;8;Controlli;48
4;8;Territoriale;96
5;8;Controlli;48
6;8;Legale;32
1;9;Legale;32
2;9;Legale;32
3;9;Controlli;48
4;9;Territoriale;96
5;9;Controlli;48
6;9;Legale;32
1;10;Legale;32
2;10;Legale;32
3;10;Controlli;48
4;10;Territoriale;96
5;10;Controlli;48
6;10;Legale;32
1;11;Legale;32
2;11;Legale;32
3;11;Controlli;48
4;11;Territoriale;96
5;11;Controlli;48
6;11;Legale;32
1;12;Legale;32
2;12;Legale;32
3;12;Controlli;48
4;12;Territoriale;96
5;12;Controlli;48
6;12;Legale;32
1;13;Legale;32
2;13;Legale;32
3;13;Controlli;48
4;13;Territoriale;96
5;13;Controlli;48
6;13;Legale;32
1;14;Legale;32
2;14;Legale;32
3;14;Controlli;48
4;14;Territoriale;96
5;14;Controlli;48
6;14;Legale;32
1;15;Legale;32
2;15;Legale;32
3;15;Controlli;48
4;15;Territoriale;96
5;15;Controlli;48
6;15;Legale;32
1;16;Legale;32
2;16;Legale;32
3;16;Controlli;48
4;16;Territoriale;96
5;16;Controlli;48
6;16;Legale;32
1;17;Legale;32
2;17;Legale;32
3;17;Controlli;48
4;17;Territoriale;96
5;17;Controlli;48
6;17;Legale;32
1;18;Legale;32
2;18;Legale;32
3;18;Controlli;48
4;18;Territoriale;96
5;18;Controlli;48
6;18;Legale;32
1;19;Legale;32
2;19;Legale;32
3;19;Controlli;48
4;19;Territoriale;96
5;19;Controlli;48
6;19;Legale;32
1;20;Legale;32
2;20;Legale;32
3;20;Controlli;48
4;20;Territoriale;96
5;20;Controlli;48
6;20;Legale;32
1;21;Legale;32
2;21;Legale;32
3;21;Controlli;48
4;21;Territoriale;96
5;21;Controlli;48
6;21;Legale;32
1;22;Legale;32
2;22;Legale;32
3;22;Controlli;48
4;22;Territoriale;96
5;22;Controlli;48
6;22;Legale;32
1;23;Legale;32
2;23;Legale;32
3;23;Controlli;48
4;23;Territoriale;96
5;23;Controlli;48
6;23;Legale;32
1;24;Legale;32
2;24;Legale;32
3;24;Controlli;48
4;24;Territoriale;96
5;24;Controlli;48
6;24;Legale;32
1;25;Legale;32
2;25;Legale;32
3;25;Controlli;48
4;25;Territoriale;96
5;25;Controlli;48
6;25;Legale;32
1;26;Legale;32
2;26;Legale;32
3;26;Controlli;48
4;26;Territoriale;96
5;26;Controlli;48
6;26;Legale;32
1;27;Legale;32
2;27;Legale;32
3;27;Controlli;48
4;27;Territoriale;96
5;27;Controlli;48
6;27;Legale;32
1;28;Legale;32
2;28;Legale;32
3;28;Controlli;48
4;28;Territoriale;96
5;28;Controlli;48
6;28;Legale;32
1;29;Legale;32
2;29;Legale;32
3;29;Controlli;48
4;29;Territoriale;96
5;29;Controlli;48
6;29;Legale;32
1;30;Legale;32
2;30;Legale;32
3;30;Controlli;48
4;30;Territoriale;96
5;30;Controlli;48
6;30;Legale;32
1;31;Legale;32
2;31;Legale;32
3;31;Controlli;48
4;31;Territoriale;96
5;31;Controlli;48
6;31;Legale;32
1;32;Legale;32
2;32;Legale;32
3;32;Controlli;48
4;32;Territoriale;96
5;32;Controlli;48
6;32;Legale;32
1;33;Legale;32
2;33;Legale;32
3;33;Controlli;48
4;33;Territoriale;96
5;33;Controlli;48
6;33;Legale;32
1;34;Legale;32
2;34;Legale;32
3;34;Controlli;48
4;34;Territoriale;96
5;34;Controlli;48
6;34;Legale;32
1;35;Legale;32
2;35;Legale;32
3;35;Controlli;48
4;35;Territoriale;96
5;35;Controlli;48
6;35;Legale;32
1;36;Legale;32
2;36;Legale;32
3;36;Controlli;48
4;36;Territoriale;96
5;36;Controlli;48
6;36;Legale;32
1;37;Legale;32
2;37;Legale;32
3;37;Controlli;48
4;37;Territoriale;96
5;37;Controlli;48
6;37;Legale;32
1;38;Legale;32
2;38;Legale;32
3;38;Controlli;48
4;38;Territoriale;96
5;38;Controlli;48
6;38;Legale;32
1;39;Legale;32
2;39;Legale;32
3;39;Controlli;48
4;39;Territoriale;96
5;39;Controlli;48
6;39;Legale;32
1;40;Legale;32
2;40;Legale;32
3;40;Controlli;48
4;40;Territoriale;96
5;40;Controlli;48
6;40;Legale;32
1;41;Legale;32
2;41;Legale;32
3;41;Controlli;48
4;41;Territoriale;96
5;41;Controlli;48
6;41;Legale;32
1;42;Legale;32
2;42;Legale;32
3;42;Controlli;48
4;42;Territoriale;96
5;42;Controlli;48
6;42;Legale;32
1;43;Legale;32
2;43;Legale;32
3;43;Controlli;48
4;43;Territoriale;96
5;43;Controlli;48
6;43;Legale;32
1;44;Legale;32
2;44;Legale;32
3;44;Controlli;48
4;44;Territoriale;96
5;44;Controlli;48
6;44;Legale;32
1;45;Legale;32
2;45;Legale;32
3;45;Controlli;48
4;45;Territoriale;96
5;45;Controlli;48
6;45;Legale;32
1;46;Legale;32
2;46;Legale;32
3;46;Controlli;48
4;46;Territoriale;96
5;46;Controlli;48
6;46;Legale;32
1;47;Legale;32
2;47;Legale;32
3;47;Controlli;48
4;47;Territoriale;96
5;47;Controlli;48
6;47;Legale;32
1;48;Legale;32
2;48;Legale;32
3;48;Controlli;48
4;48;Territoriale;96
5;48;Controlli;48
6;48;Legale;32
1;49;Legale;32
2;49;Legale;32
3;49;Controlli;48
4;49;Territoriale;96
5;49;Controlli;48
6;49;Legale;32
1;50;Legale;32
2;50;Legale;32
3;50;Controlli;48
4;50;Territoriale;96
5;50;Controlli;48
6;50;Legale;32
1;51;Legale;32
2;51;Legale;32
3;51;Controlli;48
4;51;Territoriale;96
5;51;Controlli;48
6;51;Legale;32
1;52;Legale;32
2;52;Legale;32
3;52;Controlli;48
4;52;Territoriale;96
5;52;Controlli;48
6;52;Legale;32
1;53;Legale;32
2;53;Legale;32
3;53;Controlli;48
4;53;Territoriale;96
5;53;Controlli;48
6;53;Legale;32
1;54;Legale;32
2;54;Legale;32
3;54;Controlli;48
4;54;Territoriale;96
5;54;Controlli;48
6;54;Legale;32
1;55;Legale;32
2;55;Legale;32
3;55;Controlli;48
4;55;Territoriale;96
5;55;Controlli;48
6;55;Legale;32
1;56;Legale;32
2;56;Legale;32
3;56;Controlli;48
4;56;Territoriale;96
5;56;Controlli;48
6;56;Legale;32
1;57;Legale;32
2;57;Legale;32
3;57;Controlli;48
4;57;Territoriale;96
5;57;Controlli;48
6;57;Legale;32
1;58;Legale;32
2;58;Legale;32
3;58;Controlli;48
4;58;Territoriale;96
5;58;Controlli;48
6;58;Legale;32
1;59;Legale;32
2;59;Legale;32
3;59;Controlli;48
4;59;Territoriale;96
5;59;Controlli;48
6;59;Legale;32
1;60;Legale;32
2;60;Legale;32
3;60;Controlli;48
4;60;Territoriale;96
5;60;Controlli;48
6;60;Legale;32
1;61;Legale;32
2;61;Legale;32
3;61;Controlli;48
4;61;Territoriale;96
5;61;Controlli;48
6;61;Legale;32
1;62;Legale;32
2;62;Legale;32
3;62;Controlli;48
4;62;Territoriale;96
5;62;Controlli;48
6;62;Legale;32
1;63;Legale;32
2;63;Legale;32
3;63;Controlli;48
4;63;Territoriale;96
5;63;Controlli;48
6;63;Legale;32
1;64;Legale;32
2;64;Legale;32
3;64;Controlli;48
4;64;Territoriale;96
5;64;Controlli;48
6;64;Legale;32
1;65;Legale;32
2;65;Legale;32
3;65;Controlli;48
4;65;Territoriale;96
5;65;Controlli;48
6;65;Legale;32
1;66;Legale;32
2;66;Legale;32
3;66;Controlli;48
4;66;Territoriale;96
5;66;Controlli;48
6;66;Legale;32
1;67;Legale;32
2;67;Legale;32
3;67;Controlli;48
4;67;Territoriale;96
5;67;Controlli;48
6;67;Legale;32
1;68;Legale;32
2;68;Legale;32
3;68;Controlli;48
4;68;Territoriale;96
5;68;Controlli;48
6;68;Legale;32
1;69;Legale;32
2;69;Legale;32
3;69;Controlli;48
4;69;Territoriale;96
5;69;Controlli;48
6;69;Legale;32
1;70;Legale;32
2;70;Legale;32
3;70;Controlli;48
4;70;Territoriale;96
5;70;Controlli;48
6;70;Legale;32
1;71;Legale;32
2;71;Legale;32
3;71;Controlli;48
4;71;Territoriale;96
5;71;Controlli;48
6;71;Legale;32
1;72;Legale;32
2;72;Legale;32
3;72;Controlli;48
4;72;Territoriale;96
5;72;Controlli;48
6;72;Legale;32
1;73;Legale;32
2;73;Legale;32
3;73;Controlli;48
4;73;Territoriale;96
5;73;Controlli;48
6;73;Legale;32
1;74;Legale;32
2;74;Legale;32
3;74;Controlli;48
4;74;Territoriale;96
5;74;Controlli;48
6;74;Legale;32
1;75;Legale;32
2;75;Legale;32
3;75;Controlli;48
4;75;Territoriale;96
5;75;Controlli;48
6;75;Legale;32
1;76;Legale;32
2;76;Legale;32
3;76;Controlli;48
4;76;Territoriale;96
5;76;Controlli;48
6;76;Legale;32
1;77;Legale;32
2;77;Legale;32
3;77;Controlli;48
4;77;Territoriale;96
5;77;Controlli;48
6;77;Legale;32
1;78;Legale;32
2;78;Legale;32
3;78;Controlli;48
4;78;Territoriale;96
5;78;Controlli;48
6;78;Legale;32
1;79;Legale;32
2;79;Legale;32
3;79;Controlli;48
4;79;Territoriale;96
5;79;Controlli;48
6;79;Legale;32
1;80;Legale;32
2;80;Legale;32
3;80;Controlli;48
4;80;Territoriale;96
5;80;Controlli;48
6;80;Legale;32
1;81;Legale;32
2;81;Legale;32
3;81;Controlli;48
4;81;Territoriale;96
5;81;Controlli;48
6;81;Legale;32
1;82;Legale;32
2;82;Legale;32
3;82;Controlli;48
4;82;Territoriale;96
5;82;Controlli;48
6;82;Legale;32
1;83;Legale;32
2;83;Legale;32
3;83;Controlli;48
4;83;Territoriale;96
5;83;Controlli;48
6;83;Legale;32
1;84;Legale;32
2;84;Legale;32
3;84;Controlli;48
4;84;Territoriale;96
5;84;Controlli;48
6;84;Legale;32
1;85;Legale;32
2;85;Legale;32
3;85;Controlli;48
4;85;Territoriale;96
5;85;Controlli;48
6;85;Legale;32
1;86;Legale;32
2;86;Legale;32
3;86;Controlli;48
4;86;Territoriale;96
5;86;Controlli;48
6;86;Legale;32
1;87;Legale;32
2;87;Legale;32
3;87;Controlli;48
4;87;Territoriale;96
5;87;Controlli;48
6;87;Legale;32
1;88;Legale;32
2;88;Legale;32
3;88;Controlli;48
4;88;Territoriale;96
5;88;Controlli;48
6;88;Legale;32
1;89;Legale;32
2;89;Legale;32
3;89;Controlli;48
4;89;Territoriale;96
5;89;Controlli;48
6;89;Legale;32
1;90;Legale;32
2;90;Legale;32
3;90;Controlli;48
4;90;Territoriale;96
5;90;Controlli;48
6;90;Legale;32
1;91;Legale;32
2;91;Legale;32
3;91;Controlli;48
4;91;Territoriale;96
5;91;Controlli;48
6;91;Legale;32
1;92;Legale;32
2;92;Legale;32
3;92;Controlli;48
4;92;Territoriale;96
5;92;Controlli;48
6;92;Legale;32
1;93;Legale;32
2;93;Legale;32
3;93;Controlli;48
4;93;Territoriale;96
5;93;Controlli;48
6;93;Legale;32
1;94;Legale;32
2;94;Legale;32
3;94;Controlli;48
4;94;Territoriale;96
5;94;Controlli;48
6;94;Legale;32
1;95;Legale;32
2;95;Legale;32
3;95;Controlli;48
4;95;Territoriale;96
5;95;Controlli;48
6;95;Legale;32
1;96;Legale;32
2;96;Legale;32
3;96;Controlli;48
4;96;Territoriale;96
5;96;Controlli;48
6;96;Legale;32
1;97;Legale;32
2;97;Legale;32
3;97;Controlli;48
4;97;Territoriale;96
5;97;Controlli;48
6;97;Legale;32
1;98;Legale;32
2;98;Legale;32
3;98;Controlli;48
4;98;Territoriale;96
5;98;Controlli;48
6;98;Legale;32
1;99;Legale;32
2;99;Legale;32
3;99;Controlli;48
4;99;Territoriale;96
5;99;Controlli;48
6;99;Legale;32
1;100;Legale;32
2;100;Legale;32
3;100;Controlli;48
4;100;Territoriale;96
5;100;Controlli;48
6;100;Legale;32
1;101;Legale;32
2;101;Legale;32
3;101;Controlli;48
4;101;Territoriale;96
5;101;Controlli;48
6;101;Legale;32
1;102;Legale;32
2;102;Legale;32
3;102;Controlli;48
4;102;Territoriale;96
5;102;Controlli;48
6;102;Legale;32
1;103;Legale;32
2;103;Legale;32
3;103;Controlli;48
4;103;Territoriale;96
5;103;Controlli;48
6;103;Legale;32
1;104;Legale;32
2;104;Legale;32
3;104;Controlli;48
4;104;Territoriale;96
5;104;Controlli;48
6;104;Legale;32
1;105;Legale;32
2;105;Legale;32
3;105;Controlli;48
4;105;Territoriale;96
5;105;Controlli;48
6;105;Legale;32
1;106;Legale;32
2;106;Legale;32
3;106;Controlli;48
4;106;Territoriale;96
5;106;Controlli;48
6;106;Legale;32
1;107;Legale;32
2;107;Legale;32
3;107;Controlli;48
4;107;Territoriale;96
5;107;Controlli;48
6;107;Legale;32
1;108;Legale;32
2;108;Legale;32
3;108;Controlli;48
4;108;Territoriale;96
5;108;Controlli;48
6;108;Legale;32
1;109;Legale;32
2;109;Legale;32
3;109;Controlli;48
4;109;Territoriale;96
5;109;Controlli;48
6;109;Legale;32
1;110;Legale;32
2;110;Legale;32
3;110;Controlli;48
4;110;Territoriale;96
5;110;Controlli;48
6;110;Legale;32
1;111;Legale;32
2;111;Legale;32
3;111;Controlli;48
4;111;Territoriale;96
5;111;Controlli;48
6;111;Legale;32
1;112;Legale;32
2;112;Legale;32
3;112;Controlli;48
4;112;Territoriale;96
5;112;Controlli;48
6;112;Legale;32
1;113;Legale;32
2;113;Legale;32
3;113;Controlli;48
4;113;Territoriale;96
5;113;Controlli;48
6;113;Legale;32
1;114;Legale;32
2;114;Legale;32
3;114;Controlli;48
4;114;Territoriale;96
5;114;Controlli;48
6;114;Legale;32
1;115;Legale;32
2;115;Legale;32
3;115;Controlli;48
4;115;Territoriale;96
5;115;Controlli;48
6;115;Legale;32
1;116;Legale;32
2;116;Legale;32
3;116;Controlli;48
4;116;Territoriale;96
5;116;Controlli;48
6;116;Legale;32
1;117;Legale;32
2;117;Legale;32
3;117;Controlli;48
4;117;Territoriale;96
5;117;Controlli;48
6;117;Legale;32
1;118;Legale;32
2;118;Legale;32
3;118;Controlli;48
4;118;Territoriale;96
5;118;Controlli;48
6;118;Legale;32
1;119;Legale;32
2;119;Legale;32
3;119;Controlli;48
4;119;Territoriale;96
5;119;Controlli;48
6;119;Legale;32
1;120;Legale;32
2;120;Legale;32
3;120;Controlli;48
4;120;Territoriale;96
5;120;Controlli;48
6;120;Legale;32
1;121;Legale;32
2;121;Legale;32
3;121;Controlli;48
4;121;Territoriale;96
5;121;Controlli;48
6;121;Legale;32
1;122;Legale;32
2;122;Legale;32
3;122;Controlli;48
4;122;Territoriale;96
5;122;Controlli;48
6;122;Legale;32
1;123;Legale;32
2;123;Legale;32
3;123;Controlli;48
4;123;Territoriale;96
5;123;Controlli;48
6;123;Legale;32
1;124;Legale;32
2;124;Legale;32
3;124;Controlli;48
4;124;Territoriale;96
5;124;Controlli;48
6;124;Legale;32
1;125;Legale;32
2;125;Legale;32
3;125;Controlli;48
4;125;Territoriale;96
5;125;Controlli;48
6;125;Legale;32
1;126;Legale;32
2;126;Legale;32
3;126;Controlli;48
4;126;Territoriale;96
5;126;Controlli;48
6;126;Legale;32
1;127;Legale;32
2;127;Legale;32
3;127;Controlli;48
4;127;Territoriale;96
5;127;Controlli;48
6;127;Legale;32
1;128;Legale;32
2;128;Legale;32
3;128;Controlli;48
4;128;Territoriale;96
5;128;Controlli;48
6;128;Legale;32
1;129;Legale;32
2;129;Legale;32
3;129;Controlli;48
4;129;Territoriale;96
5;129;Controlli;48
6;129;Legale;32
1;130;Legale;32
2;130;Legale;32
3;130;Controlli;48
4;130;Territoriale;96
5;130;Controlli;48
6;130;Legale;32
1;131;Legale;32
2;131;Legale;32
3;131;Controlli;48
4;131;Territoriale;96
5;131;Controlli;48
6;131;Legale;32
1;132;Legale;32
2;132;Legale;32
3;132;Controlli;48
4;132;Territoriale;96
5;132;Controlli;48
6;132;Legale;32
1;133;Legale;32
2;133;Legale;32
3;133;Controlli;48
4;133;Territoriale;96
5;133;Controlli;48
6;133;Legale;32
1;134;Legale;32
2;134;Legale;32
3;134;Controlli;48
4;134;Territoriale;96
5;134;Controlli;48
6;134;Legale;32
1;135;Legale;32
2;135;Legale;32
3;135;Controlli;48
4;135;Territoriale;96
5;135;Controlli;48
6;135;Legale;32
1;136;Legale;32
2;136;Legale;32
3;136;Controlli;48
4;136;Territoriale;96
5;136;Controlli;48
6;136;Legale;32
1;137;Legale;32
2;137;Legale;32
3;137;Controlli;48
4;137;Territoriale;96
5;137;Controlli;48
6;137;Legale;32
1;138;Legale;32
2;138;Legale;32
3;138;Controlli;48
4;138;Territoriale;96
5;138;Controlli;48
6;138;Legale;32
1;139;Legale;32
2;139;Legale;32
3;139;Controlli;48
4;139;Territoriale;96
5;139;Controlli;48
6;139;Legale;32
1;140;Legale;32
2;140;Legale;32
3;140;Controlli;48
4;140;Territoriale;96
5;140;Controlli;48
6;140;Legale;32
1;141;Legale;32
2;141;Legale;32
3;141;Controlli;48
4;141;Territoriale;96
5;141;Controlli;48
6;141;Legale;32
1;142;Legale;32
2;142;Legale;32
3;142;Controlli;48
4;142;Territoriale;96
5;142;Controlli;48
6;142;Legale;32
1;143;Legale;32
2;143;Legale;32
3;143;Controlli;48
4;143;Territoriale;96
5;143;Controlli;48
6;143;Legale;32
1;144;Legale;32
2;144;Legale;32
3;144;Controlli;48
4;144;Territoriale;96
5;144;Controlli;48
6;144;Legale;32
1;145;Legale;32
2;145;Legale;32
3;145;Controlli;48
4;145;Territoriale;96
5;145;Controlli;48
6;145;Legale;32
1;146;Legale;32
2;146;Legale;32
3;146;Controlli;48
4;146;Territoriale;96
5;146;Controlli;48
6;146;Legale;32
1;147;Legale;32
2;147;Legale;32
3;147;Controlli;48
4;147;Territoriale;96
5;147;Controlli;48
6;147;Legale;32
1;148;Legale;32
2;148;Legale;32
3;148;Controlli;48
4;148;Territoriale;96
5;148;Controlli;48
6;148;Legale;32
1;149;Legale;32
2;149;Legale;32
3;149;Controlli;48
4;149;Territoriale;96
5;149;Controlli;48
6;149;Legale;32
1;150;Legale;32
2;150;Legale;32
3;150;Controlli;48
4;150;Territoriale;96
5;150;Controlli;48
6;150;Legale;32
1;151;Legale;32
2;151;Legale;32
3;151;Controlli;48
4;151;Territoriale;96
5;151;Controlli;48
6;151;Legale;32
1;152;Legale;32
2;152;Legale;32
3;152;Controlli;48
4;152;Territoriale;96
5;152;Controlli;48
6;152;Legale;32
1;153;Legale;32
2;153;Legale;32
3;153;Controlli;48
4;153;Territoriale;96
5;153;Controlli;48
6;153;Legale;32
1;154;Legale;32
2;154;Legale;32
3;154;Controlli;48
4;154;Territoriale;96
5;154;Controlli;48
6;154;Legale;32
1;155;Legale;32
2;155;Legale;32
3;155;Controlli;48
4;155;Territoriale;96
5;155;Controlli;48
6;155;Legale;32
1;156;Legale;32
2;156;Legale;32
3;156;Controlli;48
4;156;Territoriale;96
5;156;Controlli;48
6;156;Legale;32
1;157;Legale;32
2;157;Legale;32
3;157;Controlli;48
4;157;Territoriale;96
5;157;Controlli;48
6;157;Legale;32
1;158;Legale;32
2;158;Legale;32
3;158;Controlli;48
4;158;Territoriale;96
5;158;Controlli;48
6;158;Legale;32
1;159;Legale;32
2;159;Legale;32
3;159;Controlli;48
4;159;Territoriale;96
5;159;Controlli;48
6;159;Legale;32
1;160;Legale;32
2;160;Legale;32
3;160;Controlli;48
4;160;Territoriale;96
5;160;Controlli;48
6;160;Legale;32
1;161;Legale;32
2;161;Legale;32
3;161;Controlli;48
4;161;Territoriale;96
5;161;Controlli;48
6;161;Legale;32
1;162;Legale;32
2;162;Legale;32
3;162;Controlli;48
4;162;Territoriale;96
5;162;Controlli;48
6;162;Legale;32
1;163;Legale;32
2;163;Legale;32
3;163;Controlli;48
4;163;Territoriale;96
5;163;Controlli;48
6;163;Legale;32
1;164;Legale;32
2;164;Legale;32
3;164;Controlli;48
4;164;Territoriale;96
5;164;Controlli;48
6;164;Legale;32
1;165;Legale;32
2;165;Legale;32
3;165;Controlli;48
4;165;Territoriale;96
5;165;Controlli;48
6;165;Legale;32
1;166;Legale;32
2;166;Legale;32
3;166;Controlli;48
4;166;Territoriale;96
5;166;Controlli;48
6;166;Legale;32
1;167;Legale;32
2;167;Legale;32
3;167;Controlli;48
4;167;Territoriale;96
5;167;Controlli;48
6;167;Legale;32
1;168;Legale;32
2;168;Legale;32
3;168;Controlli;48
4;168;Territoriale;96
5;168;Controlli;48
6;168;Legale;32
1;169;Legale;32
2;169;Legale;32
3;169;Controlli;48
4;169;Territoriale;96
5;169;Controlli;48
6;169;Legale;32
1;170;Legale;32
2;170;Legale;32
3;170;Controlli;48
4;170;Territoriale;96
5;170;Controlli;48
6;170;Legale;32
1;171;Legale;32
2;171;Legale;32
3;171;Controlli;48
4;171;Territoriale;96
5;171;Controlli;48
6;171;Legale;32
1;172;Legale;32
2;172;Legale;32
3;172;Controlli;48
4;172;Territoriale;96
5;172;Controlli;48
6;172;Legale;32
1;173;Legale;32
2;173;Legale;32
3;173;Controlli;48
4;173;Territoriale;96
5;173;Controlli;48
6;173;Legale;32
1;174;Legale;32
2;174;Legale;32
3;174;Controlli;48
4;174;Territoriale;96
5;174;Controlli;48
6;174;Legale;32
1;175;Legale;32
2;175;Legale;32
3;175;Controlli;48
4;175;Territoriale;96
5;175;Controlli;48
6;175;Legale;32
1;176;Legale;32
2;176;Legale;32
3;176;Controlli;48
4;176;Territoriale;96
5;176;Controlli;48
6;176;Legale;32
1;177;Legale;32
2;177;Legale;32
3;177;Controlli;48
4;177;Territoriale;96
5;177;Controlli;48
6;177;Legale;32
1;178;Legale;32
2;178;Legale;32
3;178;Controlli;48
4;178;Territoriale;96
5;178;Controlli;48
6;178;Legale;32
1;179;Legale;32
2;179;Legale;32
3;179;Controlli;48
4;179;Territoriale;96
5;179;Controlli;48
6;179;Legale;32
1;180;Legale;32
2;180;Legale;32
3;180;Controlli;48
4;180;Territoriale;96
5;180;Controlli;48
6;180;Legale;32
1;181;Legale;32
2;181;Legale;32
3;181;Controlli;48
4;181;Territoriale;96
5;181;Controlli;48
6;181;Legale;32
1;182;Legale;32
2;182;Legale;32
3;182;Controlli;48
4;182;Territoriale;96
5;182;Controlli;48
6;182;Legale;32
1;183;Legale;32
2;183;Legale;32
3;183;Controlli;48
4;183;Territoriale;96
5;183;Controlli;48
6;183;Legale;32
1;184;Legale;32
2;184;Legale;32
3;184;Controlli;48
4;184;Territoriale;96
5;184;Controlli;48
6;184;Legale;32
1;185;Legale;32
2;185;Legale;32
3;185;Controlli;48
4;185;Territoriale;96
5;185;Controlli;48
6;185;Legale;32
1;186;Legale;32
2;186;Legale;32
3;186;Controlli;48
4;186;Territoriale;96
5;186;Controlli;48
6;186;Legale;32
1;187;Legale;32
2;187;Legale;32
3;187;Controlli;48
4;187;Territoriale;96
5;187;Controlli;48
6;187;Legale;32
1;188;Legale;32
2;188;Legale;32
3;188;Controlli;48
4;188;Territoriale;96
5;188;Controlli;48
6;188;Legale;32
1;189;Legale;32
2;189;Legale;32
3;189;Controlli;48
4;189;Territoriale;96
5;189;Controlli;48
6;189;Legale;32
1;190;Legale;32
2;190;Legale;32
3;190;Controlli;48
4;190;Territoriale;96
5;190;Controlli;48
6;190;Legale;32
1;191;Legale;32
2;191;Legale;32
3;191;Controlli;48
4;191;Territoriale;96
5;191;Controlli;48
6;191;Legale;32
1;192;Legale;32
2;192;Legale;32
3;192;Controlli;48
4;192;Territoriale;96
5;192;Controlli;48
6;192;Legale;32
1;193;Legale;32
2;193;Legale;32
3;193;Controlli;48
4;193;Territoriale;96
5;193;Controlli;48
6;193;Legale;32
1;194;Legale;32
2;194;Legale;32
3;194;Controlli;48
4;194;Territoriale;96
5;194;Controlli;48
6;194;Legale;32
1;195;Legale;32
2;195;Legale;32
3;195;Controlli;48
4;195;Territoriale;96
5;195;Controlli;48
6;195;Legale;32
1;196;Legale;32
2;196;Legale;32
3;196;Controlli;48
4;196;Territoriale;96
5;196;Controlli;48
6;196;Legale;32
1;197;Legale;32
2;197;Legale;32
3;197;Controlli;48
4;197;Territoriale;96
5;197;Controlli;48
6;197;Legale;32
1;198;Legale;32
2;198;Legale;32
3;198;Controlli;48
4;198;Territoriale;96
5;198;Controlli;48
6;198;Legale;32
1;199;Legale;32
2;199;Legale;32
3;199;Controlli;48
4;199;Territoriale;96
5;199;Controlli;48
6;199;Legale;32
1;200;Legale;32
2;200;Legale;32
3;200;Controlli;48
4;200;Territoriale;96
5;200;Controlli;48
6;200;Legale;32
1;201;Legale;32
2;201;Legale;32
3;201;Controlli;48
4;201;Territoriale;96
5;201;Controlli;48
6;201;Legale;32
1;202;Legale;32
2;202;Legale;32
3;202;Controlli;48
4;202;Territoriale;96
5;202;Controlli;48
6;202;Legale;32
1;203;Legale;32
2;203;Legale;32
3;203;Controlli;48
4;203;Territoriale;96
5;203;Controlli;48
6;203;Legale;32
1;204;Legale;32
2;204;Legale;32
3;204;Controlli;48
4;204;Territoriale;96
5;204;Controlli;48
6;204;Legale;32
1;205;Legale;32
2;205;Legale;32
3;205;Controlli;48
4;205;Territoriale;96
5;205;Controlli;48
6;205;Legale;32
1;206;Legale;32
2;206;Legale;32
3;206;Controlli;48
4;206;Territoriale;96
5;206;Controlli;48
6;206;Legale;32
1;207;Legale;32
2;207;Legale;32
3;207;Controlli;48
4;207;Territoriale;96
5;207;Controlli;48
6;207;Legale;32
1;208;Legale;32
2;208;Legale;32
3;208;Controlli;48
4;208;Territoriale;96
5;208;Controlli;48
6;208;Legale;32
1;209;Legale;32
2;209;Legale;32
3;209;Controlli;48
4;209;Territoriale;96
5;209;Controlli;48
6;209;Legale;32
1;210;Legale;32
2;210;Legale;32
3;210;Controlli;48
4;210;Territoriale;96
5;210;Controlli;48
6;210;Legale;32
1;211;Legale;32
2;211;Legale;32
3;211;Controlli;48
4;211;Territoriale;96
5;211;Controlli;48
6;211;Legale;32
1;212;Legale;32
2;212;Legale;32
3;212;Controlli;48
4;212;Territoriale;96
5;212;Controlli;48
6;212;Legale;32
1;213;Legale;32
2;213;Legale;32
3;213;Controlli;48
4;213;Territoriale;96
5;213;Controlli;48
6;213;Legale;32
1;214;Legale;32
2;214;Legale;32
3;214;Controlli;48
4;214;Territoriale;96
5;214;Controlli;48
6;214;Legale;32
1;215;Legale;32
2;215;Legale;32
3;215;Controlli;48
4;215;Territoriale;96
5;215;Controlli;48
6;215;Legale;32
1;216;Legale;32
2;216;Legale;32
3;216;Controlli;48
4;216;Territoriale;96
5;216;Controlli;48
6;216;Legale;32
1;217;Legale;32
2;217;Legale;32
3;217;Controlli;48
4;217;Territoriale;96
5;217;Controlli;48
6;217;Legale;32
1;218;Legale;32
2;218;Legale;32
3;218;Controlli;48
4;218;Territoriale;96
5;218;Controlli;48
6;218;Legale;32
1;219;Legale;32
2;219;Legale;32
3;219;Controlli;48
4;219;Territoriale;96
5;219;Controlli;48
6;219;Legale;32
1;220;Legale;32
2;220;Legale;32
3;220;Controlli;48
4;220;Territoriale;96
5;220;Controlli;48
6;220;Legale;32
1;221;Legale;32
2;221;Legale;32
3;221;Controlli;48
4;221;Territoriale;96
5;221;Controlli;48
6;221;Legale;32
1;222;Legale;32
2;222;Legale;32
3;222;Controlli;48
4;222;Territoriale;96
5;222;Controlli;48
6;222;Legale;32
1;223;Legale;32
2;223;Legale;32
3;223;Controlli;48
4;223;Territoriale;96
5;223;Controlli;48
6;223;Legale;32
1;224;Legale;32
2;224;Legale;32
3;224;Controlli;48
4;224;Territoriale;96
5;224;Controlli;48
6;224;Legale;32
1;225;Legale;32
2;225;Legale;32
3;225;Controlli;48
4;225;Territoriale;96
5;225;Controlli;48
6;225;Legale;32
1;226;Legale;32
2;226;Legale;32
3;226;Controlli;48
4;226;Territoriale;96
5;226;Controlli;48
6;226;Legale;32
1;227;Legale;32
2;227;Legale;32
3;227;Controlli;48
4;227;Territoriale;96
5;227;Controlli;48
6;227;Legale;32
1;228;Legale;32
2;228;Legale;32
3;228;Controlli;48
4;228;Territoriale;96
5;228;Controlli;48
6;228;Legale;32
1;229;Legale;32
2;229;Legale;32
3;229;Controlli;48
4;229;Territoriale;96
5;229;Controlli;48
6;229;Legale;32
1;230;Legale;32
2;230;Legale;32
3;230;Controlli;48
4;230;Territoriale;96
5;230;Controlli;48
6;230;Legale;32
1;231;Legale;32
2;231;Legale;32
3;231;Controlli;48
4;231;Territoriale;96
5;231;Controlli;48
6;231;Legale;32
1;232;Legale;32
2;232;Legale;32
3;232;Controlli;48
4;232;Territoriale;96
5;232;Controlli;48
6;232;Legale;32
1;233;Legale;32
2;233;Legale;32
3;233;Controlli;48
4;233;Territoriale;96
5;233;Controlli;48
6;233;Legale;32
1;234;Legale;32
2;234;Legale;32
3;234;Controlli;48
4;234;Territoriale;96
5;234;Controlli;48
6;234;Legale;32
1;235;Legale;32
2;235;Legale;32
3;235;Controlli;48
4;235;Territoriale;96
5;235;Controlli;48
6;235;Legale;32
1;236;Legale;32
2;236;Legale;32
3;236;Controlli;48
4;236;Territoriale;96
5;236;Controlli;48
6;236;Legale;32
1;237;Legale;32
2;237;Legale;32
3;237;Controlli;48
4;237;Territoriale;96
5;237;Controlli;48
6;237;Legale;32
1;238;Legale;32
2;238;Legale;32
3;238;Controlli;48
4;238;Territoriale;96
5;238;Controlli;48
6;238;Legale;32
1;239;Legale;32
2;239;Legale;32
3;239;Controlli;48
4;239;Territoriale;96
5;239;Controlli;48
6;239;Legale;32
1;240;Legale;32
2;240;Legale;32
3;240;Controlli;48
4;240;Territoriale;96
5;240;Controlli;48
6;240;Legale;32
1;241;Legale;32
2;241;Legale;32
3;241;Controlli;48
4;241;Territoriale;96
5;241;Controlli;48
6;241;Legale;32
1;242;Legale;32
2;242;Legale;32
3;242;Controlli;48
4;242;Territoriale;96
5;242;Controlli;48
6;242;Legale;32
1;243;Legale;32
2;243;Legale;32
3;243;Controlli;48
4;243;Territoriale;96
5;243;Controlli;48
6;243;Legale;32
1;244;Legale;32
2;244;Legale;32
3;244;Controlli;48
4;244;Territoriale;96
5;244;Controlli;48
6;244;Legale;32
1;245;Legale;32
2;245;Legale;32
3;245;Controlli;48
4;245;Territoriale;96
5;245;Controlli;48
6;245;Legale;32
1;246;Legale;32
2;246;Legale;32
3;246;Controlli;48
4;246;Territoriale;96
5;246;Controlli;48
6;246;Legale;32
1;247;Legale;32
2;247;Legale;32
3;247;Controlli;48
4;247;Territoriale;96
5;247;Controlli;48
6;247;Legale;32
1;248;Legale;32
2;248;Legale;32
3;248;Controlli;48
4;248;Territoriale;96
5;248;Controlli;48
6;248;Legale;32
1;249;Legale;32
2;249;Legale;32
3;249;Controlli;48
4;249;Territoriale;96
5;249;Controlli;48
6;249;Legale;32
1;250;Legale;32
2;250;Legale;32
3;250;Controlli;48
4;250;Territoriale;96
5;250;Controlli;48
6;250;Legale;32
1;251;Legale;32
2;251;Legale;32
3;251;Controlli;48
4;251;Territoriale;96
5;251;Controlli;48
6;251;Legale;32
1;252;Legale;32
2;252;Legale;32
3;252;Controlli;48
4;252;Territoriale;96
5;252;Controlli;48
6;252;Legale;32
1;253;Legale;32
2;253;Legale;32
3;253;Controlli;48
4;253;Territoriale;96
5;253;Controlli;48
6;253;Legale;32
1;254;Legale;32
2;254;Legale;32
3;254;Controlli;48
4;254;Territoriale;96
5;254;Controlli;48
6;254;Legale;32
1;255;Legale;32
2;255;Legale;32
3;255;Controlli;48
4;255;Territoriale;96
5;255;Controlli;48
6;255;Legale;32
1;256;Legale;32
2;256;Legale;32
3;256;Controlli;48
4;256;Territoriale;96
5;256;Controlli;48
6;256;Legale;32
1;257;Legale;32
2;257;Legale;32
3;257;Controlli;48
4;257;Territoriale;96
5;257;Controlli;48
6;257;Legale;32
1;258;Legale;32
2;258;Legale;32
3;258;Controlli;48
4;258;Territoriale;96
5;258;Controlli;48
6;258;Legale;32
1;259;Legale;32
2;259;Legale;32
3;259;Controlli;48
4;259;Territoriale;96
5;259;Controlli;48
6;259;Legale;32
1;260;Legale;32
2;260;Legale;32
3;260;Controlli;48
4;260;Territoriale;96
5;260;Controlli;48
6;260;Legale;32
1;261;Legale;32
2;261;Legale;32
3;261;Controlli;48
4;261;Territoriale;96
5;261;Controlli;48
6;261;Legale;32
1;262;Legale;32
2;262;Legale;32
3;262;Controlli;48
4;262;Territoriale;96
5;262;Controlli;48
6;262;Legale;32
1;263;Legale;32
2;263;Legale;32
3;263;Controlli;48
4;263;Territoriale;96
5;263;Controlli;48
6;263;Legale;32
1;264;Legale;32
2;264;Legale;32
3;264;Controlli;48
4;264;Territoriale;96
5;264;Controlli;48
6;264;Legale;32
1;265;Legale;32
2;265;Legale;32
3;265;Controlli;48
4;265;Territoriale;96
5;265;Controlli;48
6;265;Legale;32
1;266;Legale;32
2;266;Legale;32
3;266;Controlli;48
4;266;Territoriale;96
5;266;Controlli;48
6;266;Legale;32
1;267;Legale;32
2;267;Legale;32
3;267;Controlli;48
4;267;Territoriale;96
5;267;Controlli;48
6;267;Legale;32
1;268;Legale;32
2;268;Legale;32
3;268;Controlli;48
4;268;Territoriale;96
5;268;Controlli;48
6;268;Legale;32
1;269;Legale;32
2;269;Legale;32
3;269;Controlli;48
4;269;Territoriale;96
5;269;Controlli;48
6;269;Legale;32
1;270;Legale;32
2;270;Legale;32
3;270;Controlli;48
4;270;Territoriale;96
5;270;Controlli;48
6;270;Legale;32
1;271;Legale;32
2;271;Legale;32
3;271;Controlli;48
4;271;Territoriale;96
5;271;Controlli;48
6;271;Legale;32
1;272;Legale;32
2;272;Legale;32
3;272;Controlli;48
4;272;Territoriale;96
5;272;Controlli;48
6;272;Legale;32
1;273;Legale;32
2;273;Legale;32
3;273;Controlli;48
4;273;Territoriale;96
5;273;Controlli;48
6;273;Legale;32
1;274;Legale;32
2;274;Legale;32
3;274;Controlli;48
4;274;Territoriale;96
5;274;Controlli;48
6;274;Legale;32
1;275;Legale;32
2;275;Legale;32
3;275;Controlli;48
4;275;Territoriale;96
5;275;Controlli;48
6;275;Legale;32
1;276;Legale;32
2;276;Legale;32
3;276;Controlli;48
4;276;Territoriale;96
5;276;Controlli;48
6;276;Legale;32
1;277;Legale;32
2;277;Legale;32
3;277;Controlli;48
4;277;Territoriale;96
5;277;Controlli;48
6;277;Legale;32
1;278;Legale;32
2;278;Legale;32
3;278;Controlli;48
4;278;Territoriale;96
5;278;Controlli;48
6;278;Legale;32
1;279;Legale;32
2;279;Legale;32
3;279;Controlli;48
4;279;Territoriale;96
5;279;Controlli;48
6;279;Legale;32
1;280;Legale;32
2;280;Legale;32
3;280;Controlli;48
4;280;Territoriale;96
5;280;Controlli;48
6;280;Legale;32
1;281;Legale;32
2;281;Legale;32
3;281;Controlli;48
4;281;Territoriale;96
5;281;Controlli;48
6;281;Legale;32
1;282;Legale;32
2;282;Legale;32
3;282;Controlli;48
4;282;Territoriale;96
5;282;Controlli;48
6;282;Legale;32
1;283;Legale;32
2;283;Legale;32
3;283;Controlli;48
4;283;Territoriale;96
5;283;Controlli;48
6;283;Legale;32
1;284;Legale;32
2;284;Legale;32
3;284;Controlli;48
4;284;Territoriale;96
5;284;Controlli;48
6;284;Legale;32
1;285;Legale;32
2;285;Legale;32
3;285;Controlli;48
4;285;Territoriale;96
5;285;Controlli;48
6;285;Legale;32
1;286;Legale;32
2;286;Legale;32
3;286;Controlli;48
4;286;Territoriale;96
5;286;Controlli;48
6;286;Legale;32
1;287;Legale;32
2;287;Legale;32
3;287;Controlli;48
4;287;Territoriale;96
5;287;Controlli;48
6;287;Legale;32
1;288;Legale;32
2;288;Legale;32
3;288;Controlli;48
4;288;Territoriale;96
5;288;Controlli;48
6;288;Legale;32
1;289;Legale;32
2;289;Legale;32
3;289;Controlli;48
4;289;Territoriale;96
5;289;Controlli;48
6;289;Legale;32
1;290;Legale;32
2;290;Legale;32
3;290;Controlli;48
4;290;Territoriale;96
5;290;Controlli;48
6;290;Legale;32
1;291;Legale;32
2;291;Legale;32
3;291;Controlli;48
4;291;Territoriale;96
5;291;Controlli;48
6;291;Legale;32
1;292;Legale;32
2;292;Legale;32
3;292;Controlli;48
4;292;Territoriale;96
5;292;Controlli;48
6;292;Legale;32
1;293;Legale;32
2;293;Legale;32
3;293;Controlli;48
4;293;Territoriale;96
5;293;Controlli;48
6;293;Legale;32
1;294;Legale;32
2;294;Legale;32
3;294;Controlli;48
4;294;Territoriale;96
5;294;Controlli;48
6;294;Legale;32
1;295;Legale;32
2;295;Legale;32
3;295;Controlli;48
4;295;Territoriale;96
5;295;Controlli;48
6;295;Legale;32
1;296;Legale;32
2;296;Legale;32
3;296;Controlli;48
4;296;Territoriale;96
5;296;Controlli;48
6;296;Legale;32
1;297;Legale;32
2;297;Legale;32
3;297;Controlli;48
4;297;Territoriale;96
5;297;Controlli;48
6;297;Legale;32
1;298;Legale;32
2;298;Legale;32
3;298;Controlli;48
4;298;Territoriale;96
5;298;Controlli;48
6;298;Legale;32
1;299;Legale;32
2;299;Legale;32
3;299;Controlli;48
4;299;Territoriale;96
5;299;Controlli;48
6;299;Legale;32
1;300;Legale;32
2;300;Legale;32
3;300;Controlli;48
4;300;Territoriale;96
5;300;Controlli;48
6;300;Legale;32
1;301;Legale;32
2;301;Legale;32
3;301;Controlli;48
4;301;Territoriale;96
5;301;Controlli;48
6;301;Legale;32
1;302;Legale;32
2;302;Legale;32
3;302;Controlli;48
4;302;Territoriale;96
5;302;Controlli;48
6;302;Legale;32
1;303;Legale;32
2;303;Legale;32
3;303;Controlli;48
4;303;Territoriale;96
5;303;Controlli;48
6;303;Legale;32
1;304;Legale;32
2;304;Legale;32
3;304;Controlli;48
4;304;Territoriale;96
5;304;Controlli;48
6;304;Legale;32
1;305;Legale;32
2;305;Legale;32
3;305;Controlli;48
4;305;Territoriale;96
5;305;Controlli;48
6;305;Legale;32
1;306;Legale;32
2;306;Legale;32
3;306;Controlli;48
4;306;Territoriale;96
5;306;Controlli;48
6;306;Legale;32
1;307;Legale;32
2;307;Legale;32
3;307;Controlli;48
4;307;Territoriale;96
5;307;Controlli;48
6;307;Legale;32
1;308;Legale;32
2;308;Legale;32
3;308;Controlli;48
4;308;Territoriale;96
5;308;Controlli;48
6;308;Legale;32
1;309;Legale;32
2;309;Legale;32
3;309;Controlli;48
4;309;Territoriale;96
5;309;Controlli;48
6;309;Legale;32
1;310;Legale;32
2;310;Legale;32
3;310;Controlli;48
4;310;Territoriale;96
5;310;Controlli;48
6;310;Legale;32
1;311;Legale;32
2;311;Legale;32
3;311;Controlli;48
4;311;Territoriale;96
5;311;Controlli;48
6;311;Legale;32
1;312;Legale;32
2;312;Legale;32
3;312;Controlli;48
4;312;Territoriale;96
5;312;Controlli;48
6;312;Legale;32
1;313;Legale;32
2;313;Legale;32
3;313;Controlli;48
4;313;Territoriale;96
5;313;Controlli;48
6;313;Legale;32
1;314;Legale;32
2;314;Legale;32
3;314;Controlli;48
4;314;Territoriale;96
5;314;Controlli;48
6;314;Legale;32
1;315;Legale;32
2;315;Legale;32
3;315;Controlli;48
4;315;Territoriale;96
5;315;Controlli;48
6;315;Legale;32
1;316;Legale;32
2;316;Legale;32
3;316;Controlli;48
4;316;Territoriale;96
5;316;Controlli;48
6;316;Legale;32
1;317;Legale;32
2;317;Legale;32
3;317;Controlli;48
4;317;Territoriale;96
5;317;Controlli;48
6;317;Legale;32
1;318;Legale;32
2;318;Legale;32
3;318;Controlli;48
4;318;Territoriale;96
5;318;Controlli;48
6;318;Legale;32
1;319;Legale;32
2;319;Legale;32
3;319;Controlli;48
4;319;Territoriale;96
5;319;Controlli;48
6;319;Legale;32
1;320;Legale;32
2;320;Legale;32
3;320;Controlli;48
4;320;Territoriale;96
5;320;Controlli;48
6;320;Legale;32
1;321;Legale;32
2;321;Legale;32
3;321;Controlli;48
4;321;Territoriale;96
5;321;Controlli;48
6;321;Legale;32
1;322;Legale;32
2;322;Legale;32
3;322;Controlli;48
4;322;Territoriale;96
5;322;Controlli;48
6;322;Legale;32
1;323;Legale;32
2;323;Legale;32
3;323;Controlli;48
4;323;Territoriale;96
5;323;Controlli;48
6;323;Legale;32
1;324;Legale;32
2;324;Legale;32
3;324;Controlli;48
4;324;Territoriale;96
5;324;Controlli;48
6;324;Legale;32
1;325;Legale;32
2;325;Legale;32
3;325;Controlli;48
4;325;Territoriale;96
5;325;Controlli;48
6;325;Legale;32
1;326;Legale;32
2;326;Legale;32
3;326;Controlli;48
4;326;Territoriale;96
5;326;Controlli;48
6;326;Legale;32
1;327;Legale;32
2;327;Legale;32
3;327;Controlli;48
4;327;Territoriale;96
5;327;Controlli;48
6;327;Legale;32
1;328;Legale;32
2;328;Legale;32
3;328;Controlli;48
4;328;Territoriale;96
5;328;Controlli;48
6;328;Legale;32
1;329;Legale;32
2;329;Legale;32
3;329;Controlli;48
4;329;Territoriale;96
5;329;Controlli;48
6;329;Legale;32
1;330;Legale;32
2;330;Legale;32
3;330;Controlli;48
4;330;Territoriale;96
5;330;Controlli;48
6;330;Legale;32
1;331;Legale;32
2;331;Legale;32
3;331;Controlli;48
4;331;Territoriale;96
5;331;Controlli;48
6;331;Legale;32
1;332;Legale;32
2;332;Legale;32
3;332;Controlli;48
4;332;Territoriale;96
5;332;Controlli;48
6;332;Legale;32
1;333;Legale;32
2;333;Legale;32
3;333;Controlli;48
4;333;Territoriale;96
5;333;Controlli;48
6;333;Legale;32
1;334;Legale;32
2;334;Legale;32
3;334;Controlli;48
4;334;Territoriale;96
5;334;Controlli;48
6;334;Legale;32
1;335;Legale;32
2;335;Legale;32
3;335;Controlli;48
4;335;Territoriale;96
5;335;Controlli;48
6;335;Legale;32
1;336;Legale;32
2;336;Legale;32
3;336;Controlli;48
4;336;Territoriale;96
5;336;Controlli;48
6;336;Legale;32
1;337;Legale;32
2;337;Legale;32
3;337;Controlli;48
4;337;Territoriale;96
5;337;Controlli;48
6;337;Legale;32
1;338;Legale;32
2;338;Legale;32
3;338;Controlli;48
4;338;Territoriale;96
5;338;Controlli;48
6;338;Legale;32
1;339;Legale;32
2;339;Legale;32
3;339;Controlli;48
4;339;Territoriale;96
5;339;Controlli;48
6;339;Legale;32
1;340;Legale;32
2;340;Legale;32
3;340;Controlli;48
4;340;Territoriale;96
5;340;Controlli;48
6;340;Legale;32
1;341;Legale;32
2;341;Legale;32
3;341;Controlli;48
4;341;Territoriale;96
5;341;Controlli;48
6;341;Legale;32
1;342;Legale;32
2;342;Legale;32
3;342;Controlli;48
4;342;Territoriale;96
5;342;Controlli;48
6;342;Legale;32
1;343;Legale;32
2;343;Legale;32
3;343;Controlli;48
4;343;Territoriale;96
5;343;Controlli;48
6;343;Legale;32
1;344;Legale;32
2;344;Legale;32
3;344;Controlli;48
4;344;Territoriale;96
5;344;Controlli;48
6;344;Legale;32
1;345;Legale;32
2;345;Legale;32
3;345;Controlli;48
4;345;Territoriale;96
5;345;Controlli;48
6;345;Legale;32
1;346;Legale;32
2;346;Legale;32
3;346;Controlli;48
4;346;Territoriale;96
5;346;Controlli;48
6;346;Legale;32
1;347;Legale;32
2;347;Legale;32
3;347;Controlli;48
4;347;Territoriale;96
5;347;Controlli;48
6;347;Legale;32
1;348;Legale;32
2;348;Legale;32
3;348;Controlli;48
4;348;Territoriale;96
5;348;Controlli;48
6;348;Legale;32
1;349;Legale;32
2;349;Legale;32
3;349;Controlli;48
4;349;Territoriale;96
5;349;Controlli;48
6;349;Legale;32
1;350;Legale;32
2;350;Legale;32
3;350;Controlli;48
4;350;Territoriale;96
5;350;Controlli;48
6;350;Legale;32
1;351;Legale;32
2;351;Legale;32
3;351;Controlli;48
4;351;Territoriale;96
5;351;Controlli;48
6;351;Legale;32
1;352;Legale;32
2;352;Legale;32
3;352;Controlli;48
4;352;Territoriale;96
5;352;Controlli;48
6;352;Legale;32
1;353;Legale;32
2;353;Legale;32
3;353;Controlli;48
4;353;Territoriale;96
5;353;Controlli;48
6;353;Legale;32
1;354;Legale;32
2;354;Legale;32
3;354;Controlli;48
4;354;Territoriale;96
5;354;Controlli;48
6;354;Legale;32
1;355;Legale;32
2;355;Legale;32
3;355;Controlli;48
4;355;Territoriale;96
5;355;Controlli;48
6;355;Legale;32
1;356;Legale;32
2;356;Legale;32
3;356;Controlli;48
4;356;Territoriale;96
5;356;Controlli;48
6;356;Legale;32
1;357;Legale;32
2;357;Legale;32
3;357;Controlli;48
4;357;Territoriale;96
5;357;Controlli;48
6;357;Legale;32
1;358;Legale;32
2;358;Legale;32
3;358;Controlli;48
4;358;Territoriale;96
5;358;Controlli;48
6;358;Legale;32
1;359;Legale;32
2;359;Legale;32
3;359;Controlli;48
4;359;Territoriale;96
5;359;Controlli;48
6;359;Legale;32
1;360;Legale;32
2;360;Legale;32
3;360;Controlli;48
4;360;Territoriale;96
5;360;Controlli;48
6;360;Legale;32
1;361;Legale;32
2;361;Legale;32
3;361;Controlli;48
4;361;Territoriale;96
5;361;Controlli;48
6;361;Legale;32
1;362;Legale;32
2;362;Legale;32
3;362;Controlli;48
4;362;Territoriale;96
5;362;Controlli;48
6;362;Legale;32
1;363;Legale;32
2;363;Legale;32
3;363;Controlli;48
4;363;Territoriale;96
5;363;Controlli;48
6;363;Legale;32
1;364;Legale;32
2;364;Legale;32
3;364;Controlli;48
4;364;Territoriale;96
5;364;Controlli;48
6;364;Legale;32
1;365;Legale;32
2;365;Legale;32
3;365;Controlli;48
4;365;Territoriale;96
5;365;Controlli;48
6;365;Legale;32
1;366;Legale;32
2;366;Legale;32
3;366;Controlli;48
4;366;Territoriale;96
5;366;Controlli;48
6;366;Legale;32
1;367;Legale;32
2;367;Legale;32
3;367;Controlli;48
4;367;Territoriale;96
5;367;Controlli;48
6;367;Legale;32
1;368;Legale;32
2;368;Legale;32
3;368;Controlli;48
4;368;Territoriale;96
5;368;Controlli;48
6;368;Legale;32
1;369;Legale;32
2;369;Legale;32
3;369;Controlli;48
4;369;Territoriale;96
5;369;Controlli;48
6;369;Legale;32
1;370;Legale;32
2;370;Legale;32
3;370;Controlli;48
4;370;Territoriale;96
5;370;Controlli;48
6;370;Legale;32
1;371;Legale;32
2;371;Legale;32
3;371;Controlli;48
4;371;Territoriale;96
5;371;Controlli;48
6;371;Legale;32
1;372;Legale;32
2;372;Legale;32
3;372;Controlli;48
4;372;Territoriale;96
5;372;Controlli;48
6;372;Legale;32
